,df_resid,ssr,df_diff,ss_diff,F,Pr(>F)
0,998.0,3812896.0757744247,0.0,,,
1,995.0,2984043.2768947063,3.0,828852.7988797184,92.12428220808053,1.2958327461993403e-52
