Metric,Value
Null Model R-squared,0.0048077586535414385
Full Model R-squared,0.22114407054629515
Full Model Adjusted R-squared,0.2180129914329133
F-statistic,92.12428220808053
p-value,1.2958327461993403e-52
