,df_resid,ssr,df_diff,ss_diff,F,Pr(>F)
0,624.0,2486716.465461051,0.0,,,
1,618.0,2064795.6421893584,6.0,421920.82327169273,21.047044031391327,1.601434697845774e-22
