Metric,Value
Baseline Model R-squared,0.2247937700915772
Enriched Model R-squared,0.3563228990739862
Enriched Model Adjusted R-squared,0.345907412003986
F-statistic,21.047044031391327
p-value,1.601434697845774e-22
