rating_band,players,mean_gain,median_gain,min_gain,max_gain,mean_games
1200-1399,1,0.0,0.0,0,0,0.0
1400-1599,862,7.792343387470997,0.0,-162,326,10.051044083526682
1600-1799,107,17.88785046728972,0.0,-217,404,29.878504672897197
1800-1999,20,40.0,42.0,-142,328,50.1
2000+,10,96.0,98.0,-61,262,80.9
