,count,mean,std,min,25%,50%,75%,max
rating_start,1000.0,1508.347,111.84676253378679,1400.0,1435.0,1479.5,1541.0,2364.0
rating_gain_12m,1000.0,10.391,61.92859816167544,-217.0,-10.0,0.0,12.25,404.0
total_games_12m,1000.0,13.672,21.157505903486264,0.0,0.0,7.0,16.0,147.0
active_months_12m,1000.0,1.745,2.1223759043768564,0.0,0.0,1.0,2.0,11.0
inactive_months_12m,1000.0,7.271,4.065228786315118,0.0,4.0,8.0,11.0,12.0
